TEAM SEASON,WIN%,PTS,FG%,FT%,PERSONAL FOULS +/-
2018-19 Atlanta Hawks,0.354,113.3,45.1,75.2,-6.0
2018-19 Boston Celtics,0.598,112.4,46.5,80.2,4.4
2018-19 Brooklyn Nets,0.512,112.2,44.9,74.5,-0.1
2018-19 Charlotte Hornets,0.476,110.7,44.8,79.7,-1.1
2018-19 Chicago Bulls,0.268,104.9,45.3,78.3,-8.4
2018-19 Cleveland Cavaliers,0.232,104.5,44.4,79.2,-9.6
2018-19 Dallas Mavericks,0.402,108.9,44.7,74.2,-1.3
2018-19 Denver Nuggets,0.659,110.7,46.6,75.5,4.0
2018-19 Detroit Pistons,0.5,107.0,44.0,74.7,-0.2
2018-19 Golden State Warriors,0.695,117.7,49.1,80.1,6.5
2018-19 Houston Rockets,0.6459999999999999,113.9,44.9,79.1,4.8
2018-19 Indiana Pacers,0.585,108.0,47.5,75.2,3.3
2018-19 LA Clippers,0.585,115.1,47.1,79.2,0.9
2018-19 Los Angeles Lakers,0.451,111.8,47.0,69.9,-1.7
2018-19 Memphis Grizzlies,0.402,103.5,45.0,77.2,-2.6
2018-19 Miami Heat,0.476,105.7,45.0,69.5,-0.2
2018-19 Milwaukee Bucks,0.732,118.1,47.6,77.3,8.9
2018-19 Minnesota Timberwolves,0.439,112.5,45.6,78.7,-1.5
2018-19 New Orleans Pelicans,0.402,115.4,47.3,76.1,-1.3
2018-19 New York Knicks,0.207,104.6,43.3,75.9,-9.2
2018-19 Oklahoma City Thunder,0.598,114.5,45.4,71.3,3.4
2018-19 Orlando Magic,0.512,107.3,45.4,78.2,0.7
2018-19 Philadelphia 76ers,0.622,115.2,47.1,77.1,2.7
2018-19 Phoenix Suns,0.232,107.5,45.9,77.9,-9.3
2018-19 Portland Trail Blazers,0.6459999999999999,114.7,46.7,81.4,4.2
2018-19 Sacramento Kings,0.476,114.2,46.4,72.6,-1.1
2018-19 San Antonio Spurs,0.585,111.7,47.8,81.9,1.7
2018-19 Toronto Raptors,0.7070000000000001,114.4,47.4,80.4,6.1
2018-19 Utah Jazz,0.61,111.7,46.8,73.6,5.3
2018-19 Washington Wizards,0.39,114.0,46.8,76.8,-2.9
2017-18 Atlanta Hawks,0.293,103.4,44.6,78.5,-5.5
2017-18 Boston Celtics,0.6709999999999999,104.0,45.0,77.1,3.6
2017-18 Brooklyn Nets,0.341,106.6,44.1,77.2,-3.7
2017-18 Charlotte Hornets,0.439,108.2,45.0,74.7,0.3
2017-18 Chicago Bulls,0.329,102.9,43.5,75.9,-7.0
2017-18 Cleveland Cavaliers,0.61,110.9,47.6,77.9,0.9
2017-18 Dallas Mavericks,0.293,102.3,44.4,76.3,-3.0
2017-18 Denver Nuggets,0.561,110.0,47.0,76.7,1.5
2017-18 Detroit Pistons,0.476,103.8,45.0,74.5,-0.1
2017-18 Golden State Warriors,0.7070000000000001,113.5,50.3,81.5,6.0
2017-18 Houston Rockets,0.7929999999999999,112.4,46.0,78.1,8.5
2017-18 Indiana Pacers,0.585,105.6,47.2,77.9,1.4
2017-18 LA Clippers,0.512,109.0,47.1,74.3,0.0
2017-18 Los Angeles Lakers,0.4270000000000001,108.1,46.1,71.4,-1.5
2017-18 Memphis Grizzlies,0.268,99.3,44.4,78.6,-6.2
2017-18 Miami Heat,0.537,103.4,45.5,75.5,0.5
2017-18 Milwaukee Bucks,0.537,106.5,47.8,78.3,-0.3
2017-18 Minnesota Timberwolves,0.573,109.5,47.6,80.4,2.2
2017-18 New Orleans Pelicans,0.585,111.7,48.3,77.2,1.3
2017-18 New York Knicks,0.354,104.5,46.4,78.7,-3.6
2017-18 Oklahoma City Thunder,0.585,107.9,45.3,71.6,3.4
2017-18 Orlando Magic,0.305,103.4,45.2,75.7,-4.8
2017-18 Philadelphia 76ers,0.634,109.8,47.2,75.2,4.5
2017-18 Phoenix Suns,0.256,103.9,44.2,74.1,-9.4
2017-18 Portland Trail Blazers,0.598,105.6,45.2,80.0,2.6
2017-18 Sacramento Kings,0.329,98.8,45.0,73.5,-7.0
2017-18 San Antonio Spurs,0.573,102.7,45.7,77.2,2.9
2017-18 Toronto Raptors,0.72,111.7,47.2,79.4,7.8
2017-18 Utah Jazz,0.585,104.1,46.2,77.9,4.3
2017-18 Washington Wizards,0.524,106.6,46.7,77.2,0.6
2016-17 Atlanta Hawks,0.524,103.2,45.1,72.8,-0.9
2016-17 Boston Celtics,0.6459999999999999,108.0,45.4,80.7,2.6
2016-17 Brooklyn Nets,0.244,105.8,44.4,78.8,-6.7
2016-17 Charlotte Hornets,0.439,104.9,44.2,81.5,0.2
2016-17 Chicago Bulls,0.5,102.9,44.4,79.8,0.4
2016-17 Cleveland Cavaliers,0.622,110.3,47.0,74.8,3.2
2016-17 Dallas Mavericks,0.402,97.9,44.0,80.1,-2.9
2016-17 Denver Nuggets,0.488,111.7,46.9,77.4,0.5
2016-17 Detroit Pistons,0.451,101.3,44.9,71.9,-1.1
2016-17 Golden State Warriors,0.8170000000000001,115.9,49.5,78.8,11.6
2016-17 Houston Rockets,0.6709999999999999,115.3,46.2,76.6,5.8
2016-17 Indiana Pacers,0.512,105.1,46.5,81.0,-0.2
2016-17 LA Clippers,0.622,108.7,47.5,74.5,4.3
2016-17 Los Angeles Lakers,0.317,104.6,45.0,75.4,-6.9
2016-17 Memphis Grizzlies,0.524,100.5,43.5,78.4,0.5
2016-17 Miami Heat,0.5,103.2,45.5,70.6,1.1
2016-17 Milwaukee Bucks,0.512,103.6,47.4,76.8,-0.2
2016-17 Minnesota Timberwolves,0.378,105.6,46.7,79.9,-1.1
2016-17 New Orleans Pelicans,0.415,104.3,45.0,75.0,-2.1
2016-17 New York Knicks,0.378,104.3,44.7,78.8,-3.7
2016-17 Oklahoma City Thunder,0.573,106.6,45.2,74.5,0.8
2016-17 Orlando Magic,0.354,101.1,44.0,74.7,-6.6
2016-17 Philadelphia 76ers,0.341,102.4,44.2,77.1,-5.7
2016-17 Phoenix Suns,0.293,107.7,45.0,77.6,-5.6
2016-17 Portland Trail Blazers,0.5,107.9,45.9,78.0,-0.5
2016-17 Sacramento Kings,0.39,102.8,46.1,77.5,-3.9
2016-17 San Antonio Spurs,0.7440000000000001,105.3,46.9,79.7,7.2
2016-17 Toronto Raptors,0.622,106.9,46.4,79.6,4.2
2016-17 Utah Jazz,0.622,100.7,46.6,74.7,3.9
2016-17 Washington Wizards,0.598,109.2,47.5,78.4,1.8
2015-16 Atlanta Hawks,0.585,102.8,45.8,78.3,3.6
2015-16 Boston Celtics,0.585,105.7,43.9,78.8,3.2
2015-16 Brooklyn Nets,0.256,98.6,45.3,75.7,-7.4
2015-16 Charlotte Hornets,0.585,103.4,43.9,79.0,2.7
2015-16 Chicago Bulls,0.512,101.6,44.1,78.7,-1.5
2015-16 Cleveland Cavaliers,0.695,104.3,46.0,74.8,6.0
2015-16 Dallas Mavericks,0.512,102.3,44.4,79.4,-0.3
2015-16 Denver Nuggets,0.402,101.9,44.2,76.6,-3.1
2015-16 Detroit Pistons,0.537,102.0,43.9,66.8,0.6
2015-16 Golden State Warriors,0.89,114.9,48.7,76.3,10.8
2015-16 Houston Rockets,0.5,106.5,45.2,69.4,0.2
2015-16 Indiana Pacers,0.5489999999999999,102.2,45.0,76.4,1.7
2015-16 LA Clippers,0.6459999999999999,104.5,46.5,69.2,4.3
2015-16 Los Angeles Lakers,0.207,97.3,41.4,78.1,-9.6
2015-16 Memphis Grizzlies,0.512,99.1,44.0,78.3,-2.2
2015-16 Miami Heat,0.585,100.0,47.0,74.4,1.6
2015-16 Milwaukee Bucks,0.402,99.0,46.7,74.7,-4.2
2015-16 Minnesota Timberwolves,0.354,102.4,46.4,79.2,-3.5
2015-16 New Orleans Pelicans,0.366,102.7,44.8,77.6,-3.8
2015-16 New York Knicks,0.39,98.4,43.9,80.5,-2.7
2015-16 Oklahoma City Thunder,0.6709999999999999,110.2,47.6,78.2,7.3
2015-16 Orlando Magic,0.4270000000000001,102.1,45.5,75.7,-1.6
2015-16 Philadelphia 76ers,0.122,97.4,43.1,69.4,-10.2
2015-16 Phoenix Suns,0.28,100.9,43.5,75.1,-6.7
2015-16 Portland Trail Blazers,0.537,105.1,45.0,75.4,0.8
2015-16 Sacramento Kings,0.402,106.6,46.4,72.5,-2.5
2015-16 San Antonio Spurs,0.8170000000000001,103.5,48.4,80.3,10.6
2015-16 Toronto Raptors,0.6829999999999999,102.7,45.1,77.7,4.5
2015-16 Utah Jazz,0.488,97.7,44.9,74.4,1.8
2015-16 Washington Wizards,0.5,104.1,46.0,73.0,-0.5
2014-15 Atlanta Hawks,0.732,102.5,46.6,77.8,5.4
2014-15 Boston Celtics,0.488,101.4,44.3,75.4,0.2
2014-15 Brooklyn Nets,0.463,98.0,45.1,74.8,-2.9
2014-15 Charlotte Hornets,0.402,94.2,42.0,74.8,-3.2
2014-15 Chicago Bulls,0.61,100.8,44.2,78.3,3.0
2014-15 Cleveland Cavaliers,0.6459999999999999,103.1,45.8,75.1,4.5
2014-15 Dallas Mavericks,0.61,105.2,46.3,75.2,2.9
2014-15 Denver Nuggets,0.366,101.5,43.3,73.4,-3.5
2014-15 Detroit Pistons,0.39,98.5,43.2,70.3,-1.0
2014-15 Golden State Warriors,0.8170000000000001,110.0,47.8,76.8,10.1
2014-15 Houston Rockets,0.6829999999999999,103.9,44.4,71.5,3.4
2014-15 Indiana Pacers,0.463,97.3,43.9,75.6,0.3
2014-15 Los Angeles Clippers,0.6829999999999999,106.7,47.3,71.0,6.6
2014-15 Los Angeles Lakers,0.256,98.5,43.5,74.1,-6.8
2014-15 Memphis Grizzlies,0.6709999999999999,98.3,45.8,77.3,3.2
2014-15 Miami Heat,0.451,94.7,45.6,74.1,-2.6
2014-15 Milwaukee Bucks,0.5,97.8,45.9,75.7,0.4
2014-15 Minnesota Timberwolves,0.195,97.8,43.8,77.6,-8.8
2014-15 New Orleans Pelicans,0.5489999999999999,99.4,45.7,75.1,0.8
2014-15 New York Knicks,0.207,91.9,42.8,76.9,-9.3
2014-15 Oklahoma City Thunder,0.5489999999999999,104.0,44.7,75.4,2.2
2014-15 Orlando Magic,0.305,95.7,45.3,72.9,-5.7
2014-15 Philadelphia 76ers,0.22,92.0,40.8,67.6,-9.0
2014-15 Phoenix Suns,0.476,102.4,45.2,76.0,-0.9
2014-15 Portland Trail Blazers,0.622,102.8,45.0,80.1,4.2
2014-15 Sacramento Kings,0.354,101.3,45.5,76.2,-3.7
2014-15 San Antonio Spurs,0.6709999999999999,103.2,46.8,78.0,6.2
2014-15 Toronto Raptors,0.598,104.0,45.5,78.7,3.1
2014-15 Utah Jazz,0.463,95.1,44.7,72.1,0.2
2014-15 Washington Wizards,0.561,98.5,46.2,74.2,0.7
2013-14 Atlanta Hawks,0.463,101.0,45.8,78.1,-0.5
2013-14 Boston Celtics,0.305,96.2,43.5,77.7,-4.5
2013-14 Brooklyn Nets,0.537,98.5,45.9,75.3,-1.0
2013-14 Charlotte Bobcats,0.524,96.9,44.2,73.7,-0.2
2013-14 Chicago Bulls,0.585,93.7,43.2,77.9,1.9
2013-14 Cleveland Cavaliers,0.402,98.2,43.7,75.1,-3.3
2013-14 Dallas Mavericks,0.598,104.8,47.4,79.5,2.4
2013-14 Denver Nuggets,0.439,104.4,44.7,72.6,-2.1
2013-14 Detroit Pistons,0.354,101.0,44.7,67.0,-3.7
2013-14 Golden State Warriors,0.622,104.3,46.2,75.3,4.8
2013-14 Houston Rockets,0.659,107.7,47.2,71.2,4.6
2013-14 Indiana Pacers,0.6829999999999999,96.7,44.9,77.9,4.4
2013-14 Los Angeles Clippers,0.695,107.9,47.4,73.0,7.0
2013-14 Los Angeles Lakers,0.329,103.0,45.0,75.7,-6.3
2013-14 Memphis Grizzlies,0.61,96.1,46.4,74.1,1.6
2013-14 Miami Heat,0.659,102.2,50.1,76.0,4.8
2013-14 Milwaukee Bucks,0.183,95.5,43.8,74.7,-8.2
2013-14 Minnesota Timberwolves,0.488,106.9,44.4,77.8,2.7
2013-14 New Orleans Pelicans,0.415,99.7,45.9,76.9,-2.7
2013-14 New York Knicks,0.451,98.6,44.9,76.1,-0.8
2013-14 Oklahoma City Thunder,0.72,106.2,47.1,80.6,6.3
2013-14 Orlando Magic,0.28,96.5,44.5,76.3,-5.4
2013-14 Philadelphia 76ers,0.232,99.5,43.5,71.0,-10.5
2013-14 Phoenix Suns,0.585,105.2,46.3,75.8,2.6
2013-14 Portland Trail Blazers,0.659,106.7,45.0,81.5,4.0
2013-14 Sacramento Kings,0.341,100.5,44.7,75.9,-2.9
2013-14 San Antonio Spurs,0.7559999999999999,105.4,48.6,78.5,7.7
2013-14 Toronto Raptors,0.585,101.3,44.5,78.2,3.2
2013-14 Utah Jazz,0.305,95.0,44.4,74.7,-7.2
2013-14 Washington Wizards,0.537,100.7,45.9,73.1,1.3
2012-13 Atlanta Hawks,0.537,98.0,46.4,71.5,0.4
2012-13 Boston Celtics,0.506,96.5,46.5,77.6,-0.2
2012-13 Brooklyn Nets,0.598,96.9,45.0,73.1,1.8
2012-13 Charlotte Bobcats,0.256,93.4,42.5,75.0,-9.2
2012-13 Chicago Bulls,0.5489999999999999,93.2,43.7,77.3,0.3
2012-13 Cleveland Cavaliers,0.293,96.5,43.4,75.6,-4.7
2012-13 Dallas Mavericks,0.5,101.1,46.2,79.3,-0.6
2012-13 Denver Nuggets,0.695,106.1,47.8,70.1,5.1
2012-13 Detroit Pistons,0.354,94.9,44.9,69.9,-4.0
2012-13 Golden State Warriors,0.573,101.2,45.8,79.0,0.9
2012-13 Houston Rockets,0.5489999999999999,106.0,46.1,75.4,3.5
2012-13 Indiana Pacers,0.605,94.7,43.6,74.6,4.0
2012-13 Los Angeles Clippers,0.6829999999999999,101.1,47.8,71.1,6.5
2012-13 Los Angeles Lakers,0.5489999999999999,102.2,45.8,69.2,1.2
2012-13 Memphis Grizzlies,0.6829999999999999,93.4,44.4,77.3,4.1
2012-13 Miami Heat,0.805,102.9,49.6,75.4,7.9
2012-13 Milwaukee Bucks,0.463,98.9,43.5,73.6,-1.5
2012-13 Minnesota Timberwolves,0.378,95.7,43.9,74.2,-2.4
2012-13 New Orleans Hornets,0.329,94.1,44.8,77.6,-3.9
2012-13 New York Knicks,0.659,100.0,44.8,75.9,4.2
2012-13 Oklahoma City Thunder,0.732,105.7,48.1,82.8,9.2
2012-13 Orlando Magic,0.244,94.1,44.8,75.5,-7.0
2012-13 Philadelphia 76ers,0.415,93.2,44.4,72.9,-3.3
2012-13 Phoenix Suns,0.305,95.2,44.3,74.4,-6.5
2012-13 Portland Trail Blazers,0.402,97.5,44.8,77.6,-3.2
2012-13 Sacramento Kings,0.341,100.2,44.7,76.9,-4.9
2012-13 San Antonio Spurs,0.7070000000000001,103.0,48.1,79.1,6.4
2012-13 Toronto Raptors,0.415,97.2,44.6,78.8,-1.5
2012-13 Utah Jazz,0.524,98.0,45.4,76.4,-0.1
2012-13 Washington Wizards,0.354,93.2,43.5,73.3,-2.5
2011-12 Atlanta Hawks,0.606,96.6,45.4,74.0,3.4
2011-12 Boston Celtics,0.591,91.8,46.0,77.8,2.5
2011-12 Charlotte Bobcats,0.106,87.0,41.4,74.5,-13.9
2011-12 Chicago Bulls,0.758,96.3,45.2,72.2,8.2
2011-12 Cleveland Cavaliers,0.318,93.0,42.2,71.6,-7.2
2011-12 Dallas Mavericks,0.545,95.8,44.3,77.1,1.0
2011-12 Denver Nuggets,0.5760000000000001,104.1,47.6,73.5,2.9
2011-12 Detroit Pistons,0.379,90.9,43.8,75.2,-4.8
2011-12 Golden State Warriors,0.348,97.8,45.7,77.0,-3.4
2011-12 Houston Rockets,0.515,98.1,44.9,78.2,0.2
2011-12 Indiana Pacers,0.636,97.7,43.8,78.2,3.3
2011-12 Los Angeles Clippers,0.606,97.5,45.5,68.0,2.6
2011-12 Los Angeles Lakers,0.621,97.3,45.7,75.6,1.4
2011-12 Memphis Grizzlies,0.621,95.0,44.7,75.9,2.0
2011-12 Miami Heat,0.6970000000000001,98.5,46.9,77.5,6.0
2011-12 Milwaukee Bucks,0.47,99.0,44.3,77.4,0.3
2011-12 Minnesota Timberwolves,0.394,97.9,43.3,77.1,-2.2
2011-12 New Jersey Nets,0.333,93.1,42.5,77.7,-6.0
2011-12 New Orleans Hornets,0.318,89.6,45.1,75.7,-3.8
2011-12 New York Knicks,0.545,97.8,44.3,74.1,3.2
2011-12 Oklahoma City Thunder,0.7120000000000001,103.1,47.1,80.6,6.1
2011-12 Orlando Magic,0.561,94.2,44.1,66.0,0.8
2011-12 Philadelphia 76ers,0.53,93.6,44.8,74.2,4.2
2011-12 Phoenix Suns,0.5,98.4,45.8,75.7,-0.2
2011-12 Portland Trail Blazers,0.424,97.2,44.3,79.6,-0.6
2011-12 Sacramento Kings,0.333,98.8,43.6,73.6,-5.7
2011-12 San Antonio Spurs,0.758,103.7,47.8,74.8,7.2
2011-12 Toronto Raptors,0.348,90.7,44.0,77.0,-3.3
2011-12 Utah Jazz,0.545,99.7,45.6,75.4,0.6
2011-12 Washington Wizards,0.303,93.6,44.1,72.7,-4.8
2010-11 Atlanta Hawks,0.537,95.0,46.2,77.9,-0.8
2010-11 Boston Celtics,0.6829999999999999,96.5,48.6,77.0,5.4
2010-11 Charlotte Bobcats,0.415,93.3,45.1,75.6,-4.0
2010-11 Chicago Bulls,0.7559999999999999,98.6,46.2,74.3,7.3
2010-11 Cleveland Cavaliers,0.232,95.5,43.4,74.5,-9.0
2010-11 Dallas Mavericks,0.695,100.2,47.5,77.7,4.2
2010-11 Denver Nuggets,0.61,107.5,47.6,76.5,4.8
2010-11 Detroit Pistons,0.366,97.0,46.0,73.7,-3.6
2010-11 Golden State Warriors,0.439,103.4,46.1,76.1,-2.3
2010-11 Houston Rockets,0.524,105.9,45.4,80.1,2.2
2010-11 Indiana Pacers,0.451,99.8,44.2,78.2,-1.1
2010-11 Los Angeles Clippers,0.39,98.6,45.7,70.7,-3.1
2010-11 Los Angeles Lakers,0.695,101.5,46.3,77.9,6.1
2010-11 Memphis Grizzlies,0.561,99.9,47.1,75.0,2.3
2010-11 Miami Heat,0.7070000000000001,102.1,48.1,76.9,7.5
2010-11 Milwaukee Bucks,0.4270000000000001,91.9,43.0,75.7,-0.8
2010-11 Minnesota Timberwolves,0.207,101.1,44.1,76.8,-6.6
2010-11 New Jersey Nets,0.293,94.2,44.0,75.9,-6.2
2010-11 New Orleans Hornets,0.561,94.9,45.9,76.5,0.9
2010-11 New York Knicks,0.512,106.5,45.7,80.9,0.8
2010-11 Oklahoma City Thunder,0.6709999999999999,104.8,46.4,82.3,3.8
2010-11 Orlando Magic,0.634,99.2,46.1,69.2,5.5
2010-11 Philadelphia 76ers,0.5,99.0,46.1,77.0,1.5
2010-11 Phoenix Suns,0.488,105.0,47.0,75.9,-0.9
2010-11 Portland Trail Blazers,0.585,96.3,44.7,80.4,1.5
2010-11 Sacramento Kings,0.293,99.4,44.9,73.4,-5.3
2010-11 San Antonio Spurs,0.7440000000000001,103.7,47.5,76.7,5.7
2010-11 Toronto Raptors,0.268,99.1,46.5,75.5,-6.3
2010-11 Utah Jazz,0.476,99.4,46.5,77.1,-1.8
2010-11 Washington Wizards,0.28,97.3,44.3,74.5,-7.4
2009-10 Atlanta Hawks,0.6459999999999999,101.7,46.8,75.9,4.7
2009-10 Boston Celtics,0.61,99.2,48.3,74.6,3.7
2009-10 Charlotte Bobcats,0.537,95.3,45.3,75.1,1.5
2009-10 Chicago Bulls,0.5,97.5,45.1,75.4,-1.6
2009-10 Cleveland Cavaliers,0.7440000000000001,102.1,48.5,72.0,6.5
2009-10 Dallas Mavericks,0.6709999999999999,102.0,46.4,81.6,2.7
2009-10 Denver Nuggets,0.6459999999999999,106.5,46.8,77.2,4.1
2009-10 Detroit Pistons,0.329,94.0,44.5,72.8,-5.1
2009-10 Golden State Warriors,0.317,108.8,46.9,78.2,-3.6
2009-10 Houston Rockets,0.512,102.4,44.7,77.2,-0.4
2009-10 Indiana Pacers,0.39,100.8,44.3,77.5,-3.0
2009-10 Los Angeles Clippers,0.354,95.7,45.5,73.0,-6.4
2009-10 Los Angeles Lakers,0.695,101.7,45.7,76.5,4.7
2009-10 Memphis Grizzlies,0.488,102.5,46.9,73.3,-1.5
2009-10 Miami Heat,0.573,96.5,45.8,75.2,2.3
2009-10 Milwaukee Bucks,0.561,97.7,43.6,75.5,1.7
2009-10 Minnesota Timberwolves,0.183,98.2,44.9,74.6,-9.6
2009-10 New Jersey Nets,0.146,92.4,42.9,78.0,-9.1
2009-10 New Orleans Hornets,0.451,100.2,46.4,77.8,-2.5
2009-10 New York Knicks,0.354,102.1,45.5,78.2,-3.8
2009-10 Oklahoma City Thunder,0.61,101.5,46.2,80.5,3.5
2009-10 Orlando Magic,0.72,102.8,47.0,72.4,7.5
2009-10 Philadelphia 76ers,0.329,97.7,46.0,75.6,-3.9
2009-10 Phoenix Suns,0.659,110.2,49.2,77.0,4.9
2009-10 Portland Trail Blazers,0.61,98.1,46.1,79.0,3.3
2009-10 Sacramento Kings,0.305,100.0,45.6,72.6,-4.4
2009-10 San Antonio Spurs,0.61,101.4,47.3,74.0,5.1
2009-10 Toronto Raptors,0.488,104.1,48.2,76.4,-1.8
2009-10 Utah Jazz,0.6459999999999999,104.2,49.1,74.1,5.3
2009-10 Washington Wizards,0.317,96.2,44.9,76.2,-4.8
2008-09 Atlanta Hawks,0.573,98.1,45.8,73.7,1.6
2008-09 Boston Celtics,0.7559999999999999,100.9,48.6,76.4,7.5
2008-09 Charlotte Bobcats,0.4270000000000001,93.6,45.5,74.0,-1.3
2008-09 Chicago Bulls,0.5,102.2,45.7,79.6,-0.3
2008-09 Cleveland Cavaliers,0.805,100.3,46.8,75.7,8.9
2008-09 Dallas Mavericks,0.61,101.7,46.2,81.9,2.0
2008-09 Denver Nuggets,0.659,104.3,47.0,76.0,3.4
2008-09 Detroit Pistons,0.476,94.2,45.4,75.1,-0.5
2008-09 Golden State Warriors,0.354,108.6,45.8,79.1,-3.7
2008-09 Houston Rockets,0.6459999999999999,98.4,45.3,80.5,4.0
2008-09 Indiana Pacers,0.439,105.1,45.5,80.7,-1.1
2008-09 Los Angeles Clippers,0.232,95.1,44.1,73.6,-8.8
2008-09 Los Angeles Lakers,0.7929999999999999,106.9,47.4,77.0,7.7
2008-09 Memphis Grizzlies,0.293,93.9,45.4,75.6,-5.5
2008-09 Miami Heat,0.524,98.3,45.7,75.4,0.3
2008-09 Milwaukee Bucks,0.415,99.3,44.5,78.0,-1.1
2008-09 Minnesota Timberwolves,0.293,97.8,44.1,76.9,-4.9
2008-09 New Jersey Nets,0.415,98.1,44.8,77.9,-2.4
2008-09 New Orleans Hornets,0.598,95.8,45.7,80.7,1.5
2008-09 New York Knicks,0.39,105.2,44.5,78.4,-2.6
2008-09 Oklahoma City Thunder,0.28,97.0,44.7,78.6,-6.1
2008-09 Orlando Magic,0.72,101.0,45.7,71.5,6.7
2008-09 Philadelphia 76ers,0.5,97.4,45.9,74.5,0.1
2008-09 Phoenix Suns,0.561,109.4,50.4,74.4,1.9
2008-09 Portland Trail Blazers,0.659,99.4,46.5,76.5,5.3
2008-09 Sacramento Kings,0.207,100.6,44.7,79.8,-8.8
2008-09 San Antonio Spurs,0.659,97.0,46.6,76.1,3.8
2008-09 Toronto Raptors,0.402,99.0,45.8,82.4,-2.8
2008-09 Utah Jazz,0.585,103.6,47.5,77.1,2.6
2008-09 Washington Wizards,0.232,96.1,45.0,76.7,-7.5
2007-08 Atlanta Hawks,0.451,98.2,45.4,77.2,-1.8
2007-08 Boston Celtics,0.805,100.5,47.5,77.1,10.3
2007-08 Charlotte Bobcats,0.39,97.1,45.2,71.4,-4.4
2007-08 Chicago Bulls,0.402,97.3,43.5,75.6,-3.1
2007-08 Cleveland Cavaliers,0.5489999999999999,96.4,43.9,71.7,-0.4
2007-08 Dallas Mavericks,0.622,100.4,46.4,81.4,4.5
2007-08 Denver Nuggets,0.61,110.7,47.0,75.1,3.7
2007-08 Detroit Pistons,0.72,97.5,45.8,76.7,7.4
2007-08 Golden State Warriors,0.585,111.0,45.9,75.2,2.2
2007-08 Houston Rockets,0.6709999999999999,96.7,44.8,72.6,4.7
2007-08 Indiana Pacers,0.439,104.0,44.4,76.8,-1.4
2007-08 Los Angeles Clippers,0.28,93.8,43.8,78.1,-7.3
2007-08 Los Angeles Lakers,0.695,108.6,47.6,76.9,7.3
2007-08 Memphis Grizzlies,0.268,100.7,45.4,72.3,-6.2
2007-08 Miami Heat,0.183,91.4,44.3,72.7,-8.6
2007-08 Milwaukee Bucks,0.317,97.0,44.9,73.3,-6.9
2007-08 Minnesota Timberwolves,0.268,95.6,45.1,73.6,-6.8
2007-08 New Jersey Nets,0.415,95.8,44.3,73.6,-5.1
2007-08 New Orleans Hornets,0.6829999999999999,100.9,46.6,76.9,5.3
2007-08 New York Knicks,0.28,96.9,43.9,72.7,-6.6
2007-08 Orlando Magic,0.634,104.5,47.4,72.1,5.5
2007-08 Philadelphia 76ers,0.488,96.6,46.0,70.6,0.4
2007-08 Phoenix Suns,0.6709999999999999,110.1,50.0,78.3,5.0
2007-08 Portland Trail Blazers,0.5,95.4,44.8,76.7,-1.0
2007-08 Sacramento Kings,0.463,102.5,46.4,79.8,-2.3
2007-08 San Antonio Spurs,0.6829999999999999,95.4,45.7,76.1,4.8
2007-08 Seattle SuperSonics,0.244,97.5,44.4,77.0,-8.8
2007-08 Toronto Raptors,0.5,100.2,46.8,81.2,2.9
2007-08 Utah Jazz,0.659,106.2,49.7,75.9,6.9
2007-08 Washington Wizards,0.524,98.8,44.6,78.2,-0.3
2006-07 Atlanta Hawks,0.366,93.7,44.4,76.1,-4.8
2006-07 Boston Celtics,0.293,95.8,44.3,76.7,-3.4
2006-07 Charlotte Bobcats,0.402,96.9,44.6,73.4,-3.7
2006-07 Chicago Bulls,0.598,98.8,45.7,73.4,5.0
2006-07 Cleveland Cavaliers,0.61,96.8,44.7,69.6,3.8
2006-07 Dallas Mavericks,0.8170000000000001,100.0,46.7,80.5,7.2
2006-07 Denver Nuggets,0.5489999999999999,105.4,46.5,74.6,1.6
2006-07 Detroit Pistons,0.6459999999999999,96.0,45.4,77.4,4.2
2006-07 Golden State Warriors,0.512,106.5,46.3,71.7,-0.3
2006-07 Houston Rockets,0.634,97.0,44.5,75.3,4.9
2006-07 Indiana Pacers,0.4270000000000001,95.6,43.8,76.0,-2.4
2006-07 Los Angeles Clippers,0.488,95.6,45.6,78.8,-0.5
2006-07 Los Angeles Lakers,0.512,103.3,46.6,74.7,-0.1
2006-07 Memphis Grizzlies,0.268,101.6,46.5,76.1,-5.1
2006-07 Miami Heat,0.537,94.6,46.4,69.0,-0.9
2006-07 Milwaukee Bucks,0.341,99.7,46.5,73.3,-4.4
2006-07 Minnesota Timberwolves,0.39,96.1,46.1,79.2,-3.7
2006-07 New Jersey Nets,0.5,97.6,45.7,72.7,-0.8
2006-07 New Orleans/Oklahoma City Hornets,0.476,95.5,44.5,74.0,-1.6
2006-07 New York Knicks,0.402,97.5,45.7,71.5,-2.9
2006-07 Orlando Magic,0.488,94.8,47.2,70.2,0.8
2006-07 Philadelphia 76ers,0.4270000000000001,94.9,45.8,76.7,-3.0
2006-07 Phoenix Suns,0.7440000000000001,110.2,49.4,80.8,7.3
2006-07 Portland Trail Blazers,0.39,94.1,45.0,76.9,-4.3
2006-07 Sacramento Kings,0.402,101.3,45.0,76.5,-1.8
2006-07 San Antonio Spurs,0.7070000000000001,98.5,47.4,75.1,8.4
2006-07 Seattle SuperSonics,0.378,99.1,46.0,79.1,-2.9
2006-07 Toronto Raptors,0.573,99.5,46.3,78.8,1.0
2006-07 Utah Jazz,0.622,101.5,47.4,74.3,2.9
2006-07 Washington Wizards,0.5,104.3,45.0,76.5,-0.5
2005-06 Atlanta Hawks,0.317,97.2,45.4,75.0,-4.8
2005-06 Boston Celtics,0.402,98.0,46.7,75.5,-1.5
2005-06 Charlotte Bobcats,0.317,96.9,43.3,72.9,-4.0
2005-06 Chicago Bulls,0.5,97.8,44.6,73.8,0.6
2005-06 Cleveland Cavaliers,0.61,97.6,45.4,72.9,2.2
2005-06 Dallas Mavericks,0.732,99.1,46.2,78.3,6.1
2005-06 Denver Nuggets,0.537,100.3,46.1,74.4,0.2
2005-06 Detroit Pistons,0.78,96.8,45.5,72.7,6.7
2005-06 Golden State Warriors,0.415,98.5,43.3,71.8,-1.4
2005-06 Houston Rockets,0.415,90.1,43.3,75.9,-1.6
2005-06 Indiana Pacers,0.5,93.9,44.4,73.7,1.9
2005-06 Los Angeles Clippers,0.573,97.2,46.5,79.1,1.6
2005-06 Los Angeles Lakers,0.5489999999999999,99.4,45.3,74.5,2.5
2005-06 Memphis Grizzlies,0.598,92.2,44.8,71.1,3.7
2005-06 Miami Heat,0.634,99.9,47.8,70.0,3.9
2005-06 Milwaukee Bucks,0.488,97.8,45.3,73.8,-1.0
2005-06 Minnesota Timberwolves,0.402,91.7,45.6,75.8,-1.9
2005-06 New Jersey Nets,0.598,93.8,44.0,75.8,1.4
2005-06 New Orleans/Oklahoma City Hornets,0.463,92.8,44.0,75.8,-2.8
2005-06 New York Knicks,0.28,95.6,45.5,72.6,-6.4
2005-06 Orlando Magic,0.439,94.9,47.2,73.0,-1.1
2005-06 Philadelphia 76ers,0.463,99.4,45.8,76.0,-2.0
2005-06 Phoenix Suns,0.659,108.4,47.9,80.6,5.5
2005-06 Portland Trail Blazers,0.256,88.8,44.5,68.9,-9.5
2005-06 Sacramento Kings,0.537,98.9,45.4,78.4,1.5
2005-06 San Antonio Spurs,0.768,95.6,47.2,70.2,6.8
2005-06 Seattle SuperSonics,0.4270000000000001,102.6,45.9,78.5,-3.0
2005-06 Toronto Raptors,0.329,101.1,45.4,79.1,-3.0
2005-06 Utah Jazz,0.5,92.4,44.2,71.9,-2.6
2005-06 Washington Wizards,0.512,101.7,44.7,75.7,1.9
2004-05 Atlanta Hawks,0.159,92.7,44.1,71.1,-9.7
2004-05 Boston Celtics,0.5489999999999999,101.3,46.8,76.4,0.9
2004-05 Charlotte Bobcats,0.22,94.3,43.2,70.9,-6.0
2004-05 Chicago Bulls,0.573,94.5,43.2,75.0,1.1
2004-05 Cleveland Cavaliers,0.512,96.5,44.7,75.2,0.8
2004-05 Dallas Mavericks,0.7070000000000001,102.5,45.7,78.9,5.7
2004-05 Denver Nuggets,0.598,99.5,45.9,76.3,2.0
2004-05 Detroit Pistons,0.659,93.3,44.4,73.9,3.9
2004-05 Golden State Warriors,0.415,98.7,43.0,72.2,-2.2
2004-05 Houston Rockets,0.622,95.1,44.3,78.1,4.0
2004-05 Indiana Pacers,0.537,93.0,43.2,79.2,0.8
2004-05 Los Angeles Clippers,0.451,95.7,45.9,77.8,-0.8
2004-05 Los Angeles Lakers,0.415,98.7,43.7,77.7,-3.0
2004-05 Memphis Grizzlies,0.5489999999999999,93.4,44.7,75.4,2.3
2004-05 Miami Heat,0.72,101.5,48.6,67.2,6.5
2004-05 Milwaukee Bucks,0.366,97.2,45.0,77.2,-3.0
2004-05 Minnesota Timberwolves,0.537,96.8,45.9,79.6,1.5
2004-05 New Jersey Nets,0.512,91.4,42.9,76.3,-1.5
2004-05 New Orleans Hornets,0.22,88.4,41.5,76.6,-7.1
2004-05 New York Knicks,0.402,97.3,45.1,76.7,-2.4
2004-05 Orlando Magic,0.439,99.5,45.4,75.9,-2.2
2004-05 Philadelphia 76ers,0.524,99.1,43.7,78.9,-0.7
2004-05 Phoenix Suns,0.7559999999999999,110.4,47.7,74.8,7.1
2004-05 Portland Trail Blazers,0.329,92.9,45.1,72.5,-4.0
2004-05 Sacramento Kings,0.61,103.7,45.9,78.7,2.2
2004-05 San Antonio Spurs,0.72,96.2,45.3,72.4,7.8
2004-05 Seattle SuperSonics,0.634,98.9,44.4,79.0,2.3
2004-05 Toronto Raptors,0.402,99.7,44.4,77.4,-1.6
2004-05 Utah Jazz,0.317,93.0,44.9,75.7,-4.3
2004-05 Washington Wizards,0.5489999999999999,100.5,43.7,72.5,-0.3
2003-04 Atlanta Hawks,0.341,92.8,43.3,77.6,-4.6
2003-04 Boston Celtics,0.439,95.3,44.3,75.0,-1.5
2003-04 Chicago Bulls,0.28,89.7,41.4,72.5,-6.4
2003-04 Cleveland Cavaliers,0.4270000000000001,92.9,43.3,75.3,-2.6
2003-04 Dallas Mavericks,0.634,105.2,45.9,79.6,4.4
2003-04 Denver Nuggets,0.524,97.2,44.3,76.7,1.1
2003-04 Detroit Pistons,0.659,90.1,43.5,75.3,5.8
2003-04 Golden State Warriors,0.451,93.3,44.2,72.5,-0.7
2003-04 Houston Rockets,0.5489999999999999,89.8,44.2,77.3,1.7
2003-04 Indiana Pacers,0.7440000000000001,91.4,43.5,76.4,5.8
2003-04 Los Angeles Clippers,0.341,94.8,42.8,78.5,-4.6
2003-04 Los Angeles Lakers,0.6829999999999999,98.2,45.4,69.3,3.9
2003-04 Memphis Grizzlies,0.61,96.7,44.5,72.7,2.4
2003-04 Miami Heat,0.512,90.3,42.5,76.2,0.5
2003-04 Milwaukee Bucks,0.5,98.0,44.7,77.5,1.1
2003-04 Minnesota Timberwolves,0.7070000000000001,94.5,46.2,78.1,5.5
2003-04 New Jersey Nets,0.573,90.3,44.1,75.3,2.5
2003-04 New Orleans Hornets,0.5,91.8,42.0,75.1,-0.1
2003-04 New York Knicks,0.476,92.0,44.2,79.3,-1.5
2003-04 Orlando Magic,0.256,94.0,42.9,73.7,-7.0
2003-04 Philadelphia 76ers,0.402,88.0,42.8,75.3,-2.5
2003-04 Phoenix Suns,0.354,94.2,44.3,74.6,-3.7
2003-04 Portland Trail Blazers,0.5,90.7,44.8,73.1,-1.3
2003-04 Sacramento Kings,0.6709999999999999,102.8,46.2,79.5,5.0
2003-04 San Antonio Spurs,0.695,91.5,44.2,68.1,7.2
2003-04 Seattle SuperSonics,0.451,97.1,44.6,76.5,-0.6
2003-04 Toronto Raptors,0.402,85.4,41.8,75.0,-3.0
2003-04 Utah Jazz,0.512,88.7,43.6,74.6,-1.2
2003-04 Washington Wizards,0.305,91.8,42.1,71.4,-5.6
2002-03 Atlanta Hawks,0.4270000000000001,94.1,44.4,79.3,-3.6
2002-03 Boston Celtics,0.537,92.7,41.5,74.2,-0.4
2002-03 Chicago Bulls,0.366,95.0,44.5,72.2,-5.1
2002-03 Cleveland Cavaliers,0.207,91.4,42.2,74.7,-9.6
2002-03 Dallas Mavericks,0.732,103.0,45.3,82.9,7.8
2002-03 Denver Nuggets,0.207,84.2,41.1,69.9,-8.3
2002-03 Detroit Pistons,0.61,91.4,43.0,77.1,3.7
2002-03 Golden State Warriors,0.463,102.4,44.1,77.8,-1.1
2002-03 Houston Rockets,0.524,93.8,44.0,76.8,1.5
2002-03 Indiana Pacers,0.585,96.8,44.1,76.6,3.5
2002-03 Los Angeles Clippers,0.329,93.8,43.7,75.0,-4.1
2002-03 Los Angeles Lakers,0.61,100.4,45.1,73.4,2.3
2002-03 Memphis Grizzlies,0.341,97.5,45.2,73.9,-3.2
2002-03 Miami Heat,0.305,85.6,41.2,76.5,-5.0
2002-03 Milwaukee Bucks,0.512,99.5,45.7,77.6,0.2
2002-03 Minnesota Timberwolves,0.622,98.1,46.6,77.0,2.1
2002-03 New Jersey Nets,0.598,95.4,44.1,75.7,5.2
2002-03 New Orleans Hornets,0.573,93.9,43.5,76.8,2.1
2002-03 New York Knicks,0.451,95.9,44.1,81.5,-1.4
2002-03 Orlando Magic,0.512,98.5,43.6,77.7,0.1
2002-03 Philadelphia 76ers,0.585,96.8,44.8,77.5,2.3
2002-03 Phoenix Suns,0.537,95.5,44.3,74.2,1.1
2002-03 Portland Trail Blazers,0.61,95.2,46.0,74.5,2.6
2002-03 Sacramento Kings,0.72,101.7,46.4,74.6,6.5
2002-03 San Antonio Spurs,0.732,95.8,46.2,72.5,5.4
2002-03 Seattle SuperSonics,0.488,92.1,43.7,74.4,-0.1
2002-03 Toronto Raptors,0.293,90.9,42.7,71.8,-5.9
2002-03 Utah Jazz,0.573,94.7,46.8,74.5,2.4
2002-03 Washington Wizards,0.451,91.5,44.0,77.9,-1.0
2001-02 Atlanta Hawks,0.402,94.0,43.9,76.5,-4.2
2001-02 Boston Celtics,0.598,96.4,42.4,76.4,2.2
2001-02 Charlotte Hornets,0.537,93.9,44.0,74.5,1.0
2001-02 Chicago Bulls,0.256,89.5,43.3,72.2,-8.5
2001-02 Cleveland Cavaliers,0.354,95.3,44.8,77.2,-3.3
2001-02 Dallas Mavericks,0.695,105.2,46.2,80.6,4.3
2001-02 Denver Nuggets,0.329,92.2,42.4,74.4,-5.8
2001-02 Detroit Pistons,0.61,94.3,45.2,75.6,2.1
2001-02 Golden State Warriors,0.256,97.7,42.9,72.2,-5.4
2001-02 Houston Rockets,0.341,92.3,42.8,74.1,-4.9
2001-02 Indiana Pacers,0.512,96.8,44.6,77.2,0.3
2001-02 Los Angeles Clippers,0.476,95.7,44.5,73.9,-0.5
2001-02 Los Angeles Lakers,0.7070000000000001,101.3,46.1,69.9,7.1
2001-02 Memphis Grizzlies,0.28,89.9,43.6,70.8,-7.4
2001-02 Miami Heat,0.439,87.2,43.9,72.4,-1.5
2001-02 Milwaukee Bucks,0.5,97.5,46.2,74.8,-0.2
2001-02 Minnesota Timberwolves,0.61,99.3,46.1,79.8,3.4
2001-02 New Jersey Nets,0.634,96.2,44.6,73.5,4.2
2001-02 New York Knicks,0.366,91.6,43.2,78.7,-4.0
2001-02 Orlando Magic,0.537,100.5,44.8,75.4,1.6
2001-02 Philadelphia 76ers,0.524,91.0,43.6,77.9,1.6
2001-02 Phoenix Suns,0.439,95.1,44.7,76.7,-0.7
2001-02 Portland Trail Blazers,0.598,96.6,45.0,76.3,3.0
2001-02 Sacramento Kings,0.7440000000000001,104.6,46.7,75.1,7.6
2001-02 San Antonio Spurs,0.7070000000000001,96.7,45.8,74.2,6.2
2001-02 Seattle SuperSonics,0.5489999999999999,97.7,46.9,75.5,3.0
2001-02 Toronto Raptors,0.512,91.4,43.4,73.9,-0.4
2001-02 Utah Jazz,0.537,96.0,45.0,76.3,0.9
2001-02 Washington Wizards,0.451,92.8,44.1,76.5,-1.4
2000-01 Atlanta Hawks,0.305,91.0,43.1,75.9,-5.2
2000-01 Boston Celtics,0.439,94.6,42.8,74.0,-2.1
2000-01 Charlotte Hornets,0.561,91.9,43.1,74.5,2.1
2000-01 Chicago Bulls,0.183,87.6,42.4,73.9,-9.1
2000-01 Cleveland Cavaliers,0.366,92.2,44.2,76.5,-4.2
2000-01 Dallas Mavericks,0.6459999999999999,100.5,45.9,79.4,4.3
2000-01 Denver Nuggets,0.488,96.6,43.3,73.7,-2.5
2000-01 Detroit Pistons,0.39,95.6,42.4,72.1,-1.7
2000-01 Golden State Warriors,0.207,92.5,40.9,70.6,-9.0
2000-01 Houston Rockets,0.5489999999999999,97.2,45.3,75.8,2.3
2000-01 Indiana Pacers,0.5,92.6,44.0,76.6,-0.2
2000-01 Los Angeles Clippers,0.378,92.5,44.8,69.3,-2.9
2000-01 Los Angeles Lakers,0.6829999999999999,100.6,46.5,68.3,3.4
2000-01 Miami Heat,0.61,88.9,43.0,75.9,2.3
2000-01 Milwaukee Bucks,0.634,100.7,45.8,78.7,3.9
2000-01 Minnesota Timberwolves,0.573,97.3,45.8,78.5,1.4
2000-01 New Jersey Nets,0.317,92.1,42.5,75.9,-5.0
2000-01 New York Knicks,0.585,88.7,44.4,79.6,2.6
2000-01 Orlando Magic,0.524,97.5,43.8,71.4,1.0
2000-01 Philadelphia 76ers,0.6829999999999999,94.7,44.7,74.5,4.3
2000-01 Phoenix Suns,0.622,94.0,43.6,75.5,2.2
2000-01 Portland Trail Blazers,0.61,95.4,46.8,76.2,4.2
2000-01 Sacramento Kings,0.6709999999999999,101.7,44.9,77.1,5.8
2000-01 San Antonio Spurs,0.7070000000000001,96.2,46.1,71.5,7.8
2000-01 Seattle SuperSonics,0.537,97.3,45.6,73.2,0.0
2000-01 Toronto Raptors,0.573,97.6,43.7,74.7,2.3
2000-01 Utah Jazz,0.6459999999999999,97.1,47.1,75.2,4.7
2000-01 Vancouver Grizzlies,0.28,91.7,43.9,77.0,-5.7
2000-01 Washington Wizards,0.232,93.2,43.9,75.9,-6.7
